genome1,genome2,coreAA_identity_pct,compared_positions
A_23_Scapto_001_v2,A_42_Melli_004_v2,99.6754,38505
A_23_Scapto_001_v2,A_51_Scapto_004_v2,85.1054,38336
A_23_Scapto_001_v2,A_89_Scapto_001_v2,99.8884,38528
A_23_Scapto_001_v2,A_89_Scapto_002_v2,85.108,38336
A_23_Scapto_001_v2,A_90_Scapto_012_v2,85.1028,38336
A_23_Scapto_001_v2,A_92_Scapto_002_v2,99.8599,38536
A_23_Scapto_001_v2,A_92_Scapto_009_v2,85.099,38286
A_23_Scapto_001_v2,A_apinorum_strainFhon13,69.8092,38101
A_23_Scapto_001_v2,A_jinshanensis_brasiliensis,69.8087,37269
A_23_Scapto_001_v2,A_jinshanensis_strainHSLZ75,69.1,38165
A_23_Scapto_001_v2,A_jinshanensis_subsaerogenes,69.0842,38165
A_23_Scapto_001_v2,A_kunkeei_DSM12361,70.275,38143
A_23_Scapto_001_v2,A_micheneri_strainHlig3,71.1698,37981
A_23_Scapto_001_v2,A_micheneri_strainNBRC113063,71.1339,38197
A_23_Scapto_001_v2,A_ozensis_DSM23829,70.8855,38194
A_23_Scapto_001_v2,A_quenuiae_strainHV6,70.9918,38134
A_23_Scapto_001_v2,A_timberlakei_strainHV12,71.0722,38164
A_23_Scapto_001_v2,F_florum_DSM22689,63.8363,38157
A_23_Scapto_001_v2,F_fructivorans_strainDSM20203,67.8637,38206
A_23_Scapto_001_v2,F_lindneri_strainDSM20690,66.2191,38128
A_23_Scapto_001_v2,F_sanfranciscensis_DSM20451,65.6253,38060
A_23_Scapto_001_v2,L_Lactobacillus_spSy1,71.3918,38115
A_23_Scapto_001_v2,L_senioris_DSM24302,67.6653,38151
A_23_Scapto_001_v2,N_22_Melli_029_v2,71.7123,38112
A_23_Scapto_001_v2,N_40_Melli_029_v2,71.1093,37943
A_23_Scapto_001_v2,N_41_Melli_001_v2,71.7234,38081
A_23_Scapto_001_v2,N_45_Melli_016_v2,71.0656,38221
A_23_Scapto_001_v2,N_45_Melli_020_v2,71.6972,38074
A_23_Scapto_001_v2,N_46_Melli_022_v2,71.0683,38221
A_23_Scapto_001_v2,N_47_Melli_001_v2,71.7134,38064
A_23_Scapto_001_v2,N_barcode03,71.6755,38126
A_23_Scapto_001_v2,N_barcode04,71.6594,38069
A_23_Scapto_001_v2,N_barcode20,71.3505,37718
A_23_Scapto_001_v2,Nicoliella_lavandulae_Es01,71.6034,38244
A_23_Scapto_001_v2,Nicoliella_spurrieriana_SGEP1_A5,71.4789,38035
A_42_Melli_004_v2,A_51_Scapto_004_v2,85.1189,38364
A_42_Melli_004_v2,A_89_Scapto_001_v2,99.6857,38500
A_42_Melli_004_v2,A_89_Scapto_002_v2,85.1163,38364
A_42_Melli_004_v2,A_90_Scapto_012_v2,85.1163,38364
A_42_Melli_004_v2,A_92_Scapto_002_v2,99.7247,38505
A_42_Melli_004_v2,A_92_Scapto_009_v2,85.1073,38314
A_42_Melli_004_v2,A_apinorum_strainFhon13,69.7966,38105
A_42_Melli_004_v2,A_jinshanensis_brasiliensis,69.8092,37273
A_42_Melli_004_v2,A_jinshanensis_strainHSLZ75,69.0553,38194
A_42_Melli_004_v2,A_jinshanensis_subsaerogenes,69.0396,38194
A_42_Melli_004_v2,A_kunkeei_DSM12361,70.2458,38156
A_42_Melli_004_v2,A_micheneri_strainHlig3,71.154,37981
A_42_Melli_004_v2,A_micheneri_strainNBRC113063,71.1286,38197
A_42_Melli_004_v2,A_ozensis_DSM23829,70.8781,38198
A_42_Melli_004_v2,A_quenuiae_strainHV6,70.9888,38137
A_42_Melli_004_v2,A_timberlakei_strainHV12,71.0748,38164
A_42_Melli_004_v2,F_florum_DSM22689,63.8547,38146
A_42_Melli_004_v2,F_fructivorans_strainDSM20203,67.8735,38227
A_42_Melli_004_v2,F_lindneri_strainDSM20690,66.2271,38140
A_42_Melli_004_v2,F_sanfranciscensis_DSM20451,65.613,38090
A_42_Melli_004_v2,L_Lactobacillus_spSy1,71.3608,38126
A_42_Melli_004_v2,L_senioris_DSM24302,67.6844,38155
A_42_Melli_004_v2,N_22_Melli_029_v2,71.6969,38116
A_42_Melli_004_v2,N_40_Melli_029_v2,71.115,37947
A_42_Melli_004_v2,N_41_Melli_001_v2,71.7039,38090
A_42_Melli_004_v2,N_45_Melli_016_v2,71.0687,38225
A_42_Melli_004_v2,N_45_Melli_020_v2,71.6844,38078
A_42_Melli_004_v2,N_46_Melli_022_v2,71.0713,38225
A_42_Melli_004_v2,N_47_Melli_001_v2,71.6939,38073
A_42_Melli_004_v2,N_barcode03,71.6549,38130
A_42_Melli_004_v2,N_barcode04,71.6439,38073
A_42_Melli_004_v2,N_barcode20,71.3415,37727
A_42_Melli_004_v2,Nicoliella_lavandulae_Es01,71.5716,38254
A_42_Melli_004_v2,Nicoliella_spurrieriana_SGEP1_A5,71.4718,38043
A_51_Scapto_004_v2,A_89_Scapto_001_v2,85.0879,38338
A_51_Scapto_004_v2,A_89_Scapto_002_v2,99.9766,38442
A_51_Scapto_004_v2,A_90_Scapto_012_v2,99.9792,38442
A_51_Scapto_004_v2,A_92_Scapto_002_v2,85.0976,38336
A_51_Scapto_004_v2,A_92_Scapto_009_v2,99.9661,38392
A_51_Scapto_004_v2,A_apinorum_strainFhon13,69.3667,38086
A_51_Scapto_004_v2,A_jinshanensis_brasiliensis,69.9705,37270
A_51_Scapto_004_v2,A_jinshanensis_strainHSLZ75,69.3134,38160
A_51_Scapto_004_v2,A_jinshanensis_subsaerogenes,69.2977,38160
A_51_Scapto_004_v2,A_kunkeei_DSM12361,69.7362,38128
A_51_Scapto_004_v2,A_micheneri_strainHlig3,70.8785,37941
A_51_Scapto_004_v2,A_micheneri_strainNBRC113063,70.8622,38160
A_51_Scapto_004_v2,A_ozensis_DSM23829,70.8343,38151
A_51_Scapto_004_v2,A_quenuiae_strainHV6,70.7919,38099
A_51_Scapto_004_v2,A_timberlakei_strainHV12,70.8677,38102
A_51_Scapto_004_v2,F_florum_DSM22689,63.499,38125
A_51_Scapto_004_v2,F_fructivorans_strainDSM20203,67.8238,38168
A_51_Scapto_004_v2,F_lindneri_strainDSM20690,66.1525,38118
A_51_Scapto_004_v2,F_sanfranciscensis_DSM20451,65.2648,38091
A_51_Scapto_004_v2,L_Lactobacillus_spSy1,70.9829,38050
A_51_Scapto_004_v2,L_senioris_DSM24302,67.197,38091
A_51_Scapto_004_v2,N_22_Melli_029_v2,71.1617,38064
A_51_Scapto_004_v2,N_40_Melli_029_v2,70.7298,37885
A_51_Scapto_004_v2,N_41_Melli_001_v2,71.1638,38039
A_51_Scapto_004_v2,N_45_Melli_016_v2,70.6742,38161
A_51_Scapto_004_v2,N_45_Melli_020_v2,71.16,38027
A_51_Scapto_004_v2,N_46_Melli_022_v2,70.6742,38161
A_51_Scapto_004_v2,N_47_Melli_001_v2,71.164,38015
A_51_Scapto_004_v2,N_barcode03,71.1209,38076
A_51_Scapto_004_v2,N_barcode04,71.1362,38020
A_51_Scapto_004_v2,N_barcode20,70.7686,37665
A_51_Scapto_004_v2,Nicoliella_lavandulae_Es01,71.1238,38201
A_51_Scapto_004_v2,Nicoliella_spurrieriana_SGEP1_A5,71.0177,38006
A_89_Scapto_001_v2,A_89_Scapto_002_v2,85.0905,38338
A_89_Scapto_001_v2,A_90_Scapto_012_v2,85.0853,38338
A_89_Scapto_001_v2,A_92_Scapto_002_v2,99.8417,38528
A_89_Scapto_001_v2,A_92_Scapto_009_v2,85.0815,38288
A_89_Scapto_001_v2,A_apinorum_strainFhon13,69.7906,38104
A_89_Scapto_001_v2,A_jinshanensis_brasiliensis,69.8076,37271
A_89_Scapto_001_v2,A_jinshanensis_strainHSLZ75,69.0963,38167
A_89_Scapto_001_v2,A_jinshanensis_subsaerogenes,69.0806,38167
A_89_Scapto_001_v2,A_kunkeei_DSM12361,70.2564,38146
A_89_Scapto_001_v2,A_micheneri_strainHlig3,71.1529,37983
A_89_Scapto_001_v2,A_micheneri_strainNBRC113063,71.117,38199
A_89_Scapto_001_v2,A_ozensis_DSM23829,70.8862,38195
A_89_Scapto_001_v2,A_quenuiae_strainHV6,70.9618,38136
A_89_Scapto_001_v2,A_timberlakei_strainHV12,71.0554,38166
A_89_Scapto_001_v2,F_florum_DSM22689,63.8379,38156
A_89_Scapto_001_v2,F_fructivorans_strainDSM20203,67.8689,38206
A_89_Scapto_001_v2,F_lindneri_strainDSM20690,66.2243,38128
A_89_Scapto_001_v2,F_sanfranciscensis_DSM20451,65.6183,38061
A_89_Scapto_001_v2,L_Lactobacillus_spSy1,71.387,38112
A_89_Scapto_001_v2,L_senioris_DSM24302,67.6731,38154
A_89_Scapto_001_v2,N_22_Melli_029_v2,71.6962,38115
A_89_Scapto_001_v2,N_40_Melli_029_v2,71.095,37945
A_89_Scapto_001_v2,N_41_Melli_001_v2,71.7073,38084
A_89_Scapto_001_v2,N_45_Melli_016_v2,71.0515,38223
A_89_Scapto_001_v2,N_45_Melli_020_v2,71.6837,38077
A_89_Scapto_001_v2,N_46_Melli_022_v2,71.0541,38223
A_89_Scapto_001_v2,N_47_Melli_001_v2,71.6999,38067
A_89_Scapto_001_v2,N_barcode03,71.6594,38129
A_89_Scapto_001_v2,N_barcode04,71.6432,38072
A_89_Scapto_001_v2,N_barcode20,71.3536,37715
A_89_Scapto_001_v2,Nicoliella_lavandulae_Es01,71.5899,38247
A_89_Scapto_001_v2,Nicoliella_spurrieriana_SGEP1_A5,71.4733,38038
A_89_Scapto_002_v2,A_90_Scapto_012_v2,99.987,38442
A_89_Scapto_002_v2,A_92_Scapto_002_v2,85.1002,38336
A_89_Scapto_002_v2,A_92_Scapto_009_v2,99.9687,38392
A_89_Scapto_002_v2,A_apinorum_strainFhon13,69.3562,38086
A_89_Scapto_002_v2,A_jinshanensis_brasiliensis,69.9651,37270
A_89_Scapto_002_v2,A_jinshanensis_strainHSLZ75,69.3108,38160
A_89_Scapto_002_v2,A_jinshanensis_subsaerogenes,69.2951,38160
A_89_Scapto_002_v2,A_kunkeei_DSM12361,69.723,38128
A_89_Scapto_002_v2,A_micheneri_strainHlig3,70.8732,37941
A_89_Scapto_002_v2,A_micheneri_strainNBRC113063,70.8569,38160
A_89_Scapto_002_v2,A_ozensis_DSM23829,70.8291,38151
A_89_Scapto_002_v2,A_quenuiae_strainHV6,70.7866,38099
A_89_Scapto_002_v2,A_timberlakei_strainHV12,70.8624,38102
A_89_Scapto_002_v2,F_florum_DSM22689,63.499,38125
A_89_Scapto_002_v2,F_fructivorans_strainDSM20203,67.8186,38168
A_89_Scapto_002_v2,F_lindneri_strainDSM20690,66.1499,38118
A_89_Scapto_002_v2,F_sanfranciscensis_DSM20451,65.2595,38091
A_89_Scapto_002_v2,L_Lactobacillus_spSy1,70.9724,38050
A_89_Scapto_002_v2,L_senioris_DSM24302,67.1891,38091
A_89_Scapto_002_v2,N_22_Melli_029_v2,71.1591,38064
A_89_Scapto_002_v2,N_40_Melli_029_v2,70.7272,37885
A_89_Scapto_002_v2,N_41_Melli_001_v2,71.1612,38039
A_89_Scapto_002_v2,N_45_Melli_016_v2,70.6742,38161
A_89_Scapto_002_v2,N_45_Melli_020_v2,71.1573,38027
A_89_Scapto_002_v2,N_46_Melli_022_v2,70.6742,38161
A_89_Scapto_002_v2,N_47_Melli_001_v2,71.1614,38015
A_89_Scapto_002_v2,N_barcode03,71.1235,38076
A_89_Scapto_002_v2,N_barcode04,71.1336,38020
A_89_Scapto_002_v2,N_barcode20,70.7607,37665
A_89_Scapto_002_v2,Nicoliella_lavandulae_Es01,71.1159,38201
A_89_Scapto_002_v2,Nicoliella_spurrieriana_SGEP1_A5,71.0125,38006
A_90_Scapto_012_v2,A_92_Scapto_002_v2,85.0949,38336
A_90_Scapto_012_v2,A_92_Scapto_009_v2,99.9661,38392
A_90_Scapto_012_v2,A_apinorum_strainFhon13,69.3588,38086
A_90_Scapto_012_v2,A_jinshanensis_brasiliensis,69.9705,37270
A_90_Scapto_012_v2,A_jinshanensis_strainHSLZ75,69.316,38160
A_90_Scapto_012_v2,A_jinshanensis_subsaerogenes,69.3003,38160
A_90_Scapto_012_v2,A_kunkeei_DSM12361,69.7257,38128
A_90_Scapto_012_v2,A_micheneri_strainHlig3,70.8732,37941
A_90_Scapto_012_v2,A_micheneri_strainNBRC113063,70.8569,38160
A_90_Scapto_012_v2,A_ozensis_DSM23829,70.8291,38151
A_90_Scapto_012_v2,A_quenuiae_strainHV6,70.7866,38099
A_90_Scapto_012_v2,A_timberlakei_strainHV12,70.8624,38102
A_90_Scapto_012_v2,F_florum_DSM22689,63.4964,38125
A_90_Scapto_012_v2,F_fructivorans_strainDSM20203,67.8238,38168
A_90_Scapto_012_v2,F_lindneri_strainDSM20690,66.1472,38118
A_90_Scapto_012_v2,F_sanfranciscensis_DSM20451,65.2621,38091
A_90_Scapto_012_v2,L_Lactobacillus_spSy1,70.9777,38050
A_90_Scapto_012_v2,L_senioris_DSM24302,67.1944,38091
A_90_Scapto_012_v2,N_22_Melli_029_v2,71.1591,38064
A_90_Scapto_012_v2,N_40_Melli_029_v2,70.7298,37885
A_90_Scapto_012_v2,N_41_Melli_001_v2,71.1612,38039
A_90_Scapto_012_v2,N_45_Melli_016_v2,70.6742,38161
A_90_Scapto_012_v2,N_45_Melli_020_v2,71.1573,38027
A_90_Scapto_012_v2,N_46_Melli_022_v2,70.6742,38161
A_90_Scapto_012_v2,N_47_Melli_001_v2,71.1614,38015
A_90_Scapto_012_v2,N_barcode03,71.1183,38076
A_90_Scapto_012_v2,N_barcode04,71.1336,38020
A_90_Scapto_012_v2,N_barcode20,70.7607,37665
A_90_Scapto_012_v2,Nicoliella_lavandulae_Es01,71.1186,38201
A_90_Scapto_012_v2,Nicoliella_spurrieriana_SGEP1_A5,71.0125,38006
A_92_Scapto_002_v2,A_92_Scapto_009_v2,85.0912,38286
A_92_Scapto_002_v2,A_apinorum_strainFhon13,69.7987,38101
A_92_Scapto_002_v2,A_jinshanensis_brasiliensis,69.8167,37269
A_92_Scapto_002_v2,A_jinshanensis_strainHSLZ75,69.1052,38165
A_92_Scapto_002_v2,A_jinshanensis_subsaerogenes,69.0895,38165
A_92_Scapto_002_v2,A_kunkeei_DSM12361,70.2514,38143
A_92_Scapto_002_v2,A_micheneri_strainHlig3,71.1356,37981
A_92_Scapto_002_v2,A_micheneri_strainNBRC113063,71.0998,38197
A_92_Scapto_002_v2,A_ozensis_DSM23829,70.8567,38194
A_92_Scapto_002_v2,A_quenuiae_strainHV6,70.9682,38134
A_92_Scapto_002_v2,A_timberlakei_strainHV12,71.0382,38164
A_92_Scapto_002_v2,F_florum_DSM22689,63.8232,38157
A_92_Scapto_002_v2,F_fructivorans_strainDSM20203,67.8454,38206
A_92_Scapto_002_v2,F_lindneri_strainDSM20690,66.2269,38128
A_92_Scapto_002_v2,F_sanfranciscensis_DSM20451,65.628,38060
A_92_Scapto_002_v2,L_Lactobacillus_spSy1,71.3709,38115
A_92_Scapto_002_v2,L_senioris_DSM24302,67.6653,38151
A_92_Scapto_002_v2,N_22_Melli_029_v2,71.6992,38112
A_92_Scapto_002_v2,N_40_Melli_029_v2,71.104,37943
A_92_Scapto_002_v2,N_41_Melli_001_v2,71.7103,38081
A_92_Scapto_002_v2,N_45_Melli_016_v2,71.0604,38221
A_92_Scapto_002_v2,N_45_Melli_020_v2,71.6841,38074
A_92_Scapto_002_v2,N_46_Melli_022_v2,71.063,38221
A_92_Scapto_002_v2,N_47_Melli_001_v2,71.7003,38064
A_92_Scapto_002_v2,N_barcode03,71.6624,38126
A_92_Scapto_002_v2,N_barcode04,71.6462,38069
A_92_Scapto_002_v2,N_barcode20,71.3373,37718
A_92_Scapto_002_v2,Nicoliella_lavandulae_Es01,71.5929,38244
A_92_Scapto_002_v2,Nicoliella_spurrieriana_SGEP1_A5,71.4605,38035
A_92_Scapto_009_v2,A_apinorum_strainFhon13,69.3711,38036
A_92_Scapto_009_v2,A_jinshanensis_brasiliensis,69.9651,37220
A_92_Scapto_009_v2,A_jinshanensis_strainHSLZ75,69.3073,38110
A_92_Scapto_009_v2,A_jinshanensis_subsaerogenes,69.2915,38110
A_92_Scapto_009_v2,A_kunkeei_DSM12361,69.7332,38078
A_92_Scapto_009_v2,A_micheneri_strainHlig3,70.8796,37891
A_92_Scapto_009_v2,A_micheneri_strainNBRC113063,70.8633,38110
A_92_Scapto_009_v2,A_ozensis_DSM23829,70.8433,38101
A_92_Scapto_009_v2,A_quenuiae_strainHV6,70.7956,38049
A_92_Scapto_009_v2,A_timberlakei_strainHV12,70.8636,38052
A_92_Scapto_009_v2,F_florum_DSM22689,63.4879,38075
A_92_Scapto_009_v2,F_fructivorans_strainDSM20203,67.8367,38118
A_92_Scapto_009_v2,F_lindneri_strainDSM20690,66.1579,38068
A_92_Scapto_009_v2,F_sanfranciscensis_DSM20451,65.2559,38041
A_92_Scapto_009_v2,L_Lactobacillus_spSy1,70.9921,38000
A_92_Scapto_009_v2,L_senioris_DSM24302,67.1933,38041
A_92_Scapto_009_v2,N_22_Melli_029_v2,71.1685,38014
A_92_Scapto_009_v2,N_40_Melli_029_v2,70.7387,37835
A_92_Scapto_009_v2,N_41_Melli_001_v2,71.1706,37989
A_92_Scapto_009_v2,N_45_Melli_016_v2,70.6856,38111
A_92_Scapto_009_v2,N_45_Melli_020_v2,71.1668,37977
A_92_Scapto_009_v2,N_46_Melli_022_v2,70.6856,38111
A_92_Scapto_009_v2,N_47_Melli_001_v2,71.1708,37965
A_92_Scapto_009_v2,N_barcode03,71.1329,38026
A_92_Scapto_009_v2,N_barcode04,71.143,37970
A_92_Scapto_009_v2,N_barcode20,70.7776,37615
A_92_Scapto_009_v2,Nicoliella_lavandulae_Es01,71.1358,38151
A_92_Scapto_009_v2,Nicoliella_spurrieriana_SGEP1_A5,71.0217,37956
A_apinorum_strainFhon13,A_jinshanensis_brasiliensis,66.1097,37164
A_apinorum_strainFhon13,A_jinshanensis_strainHSLZ75,65.7248,38010
A_apinorum_strainFhon13,A_jinshanensis_subsaerogenes,65.7038,38010
A_apinorum_strainFhon13,A_kunkeei_DSM12361,90.7602,38215
A_apinorum_strainFhon13,A_micheneri_strainHlig3,82.0402,37957
A_apinorum_strainFhon13,A_micheneri_strainNBRC113063,81.9944,38177
A_apinorum_strainFhon13,A_ozensis_DSM23829,77.0292,38118
A_apinorum_strainFhon13,A_quenuiae_strainHV6,81.7445,38120
A_apinorum_strainFhon13,A_timberlakei_strainHV12,81.8857,38119
A_apinorum_strainFhon13,F_florum_DSM22689,65.4293,38038
A_apinorum_strainFhon13,F_fructivorans_strainDSM20203,69.4125,38094
A_apinorum_strainFhon13,F_lindneri_strainDSM20690,68.1811,38034
A_apinorum_strainFhon13,F_sanfranciscensis_DSM20451,67.9724,38011
A_apinorum_strainFhon13,L_Lactobacillus_spSy1,72.8869,37978
A_apinorum_strainFhon13,L_senioris_DSM24302,70.2574,38033
A_apinorum_strainFhon13,N_22_Melli_029_v2,72.8751,38013
A_apinorum_strainFhon13,N_40_Melli_029_v2,71.4376,37798
A_apinorum_strainFhon13,N_41_Melli_001_v2,72.8838,37981
A_apinorum_strainFhon13,N_45_Melli_016_v2,71.3734,38073
A_apinorum_strainFhon13,N_45_Melli_020_v2,72.8637,37975
A_apinorum_strainFhon13,N_46_Melli_022_v2,71.3682,38073
A_apinorum_strainFhon13,N_47_Melli_001_v2,72.8729,37962
A_apinorum_strainFhon13,N_barcode03,72.8657,38011
A_apinorum_strainFhon13,N_barcode04,72.866,37956
A_apinorum_strainFhon13,N_barcode20,72.6511,37614
A_apinorum_strainFhon13,Nicoliella_lavandulae_Es01,73.0556,38123
A_apinorum_strainFhon13,Nicoliella_spurrieriana_SGEP1_A5,72.7637,37942
A_jinshanensis_brasiliensis,A_jinshanensis_strainHSLZ75,91.0204,37496
A_jinshanensis_brasiliensis,A_jinshanensis_subsaerogenes,90.999,37496
A_jinshanensis_brasiliensis,A_kunkeei_DSM12361,66.3807,37184
A_jinshanensis_brasiliensis,A_micheneri_strainHlig3,66.902,36969
A_jinshanensis_brasiliensis,A_micheneri_strainNBRC113063,66.8594,37190
A_jinshanensis_brasiliensis,A_ozensis_DSM23829,66.9221,37194
A_jinshanensis_brasiliensis,A_quenuiae_strainHV6,66.8282,37134
A_jinshanensis_brasiliensis,A_timberlakei_strainHV12,66.8579,37134
A_jinshanensis_brasiliensis,F_florum_DSM22689,61.8556,37164
A_jinshanensis_brasiliensis,F_fructivorans_strainDSM20203,65.2974,37222
A_jinshanensis_brasiliensis,F_lindneri_strainDSM20690,63.9627,37192
A_jinshanensis_brasiliensis,F_sanfranciscensis_DSM20451,63.3181,37130
A_jinshanensis_brasiliensis,L_Lactobacillus_spSy1,67.8726,37093
A_jinshanensis_brasiliensis,L_senioris_DSM24302,64.5026,37183
A_jinshanensis_brasiliensis,N_22_Melli_029_v2,67.8331,37150
A_jinshanensis_brasiliensis,N_40_Melli_029_v2,67.6805,36956
A_jinshanensis_brasiliensis,N_41_Melli_001_v2,67.8395,37117
A_jinshanensis_brasiliensis,N_45_Melli_016_v2,67.6463,37226
A_jinshanensis_brasiliensis,N_45_Melli_020_v2,67.8271,37112
A_jinshanensis_brasiliensis,N_46_Melli_022_v2,67.649,37226
A_jinshanensis_brasiliensis,N_47_Melli_001_v2,67.8478,37083
A_jinshanensis_brasiliensis,N_barcode03,67.8206,37148
A_jinshanensis_brasiliensis,N_barcode04,67.8197,37091
A_jinshanensis_brasiliensis,N_barcode20,67.4579,36734
A_jinshanensis_brasiliensis,Nicoliella_lavandulae_Es01,68.0116,37251
A_jinshanensis_brasiliensis,Nicoliella_spurrieriana_SGEP1_A5,67.6693,37101
A_jinshanensis_strainHSLZ75,A_jinshanensis_subsaerogenes,99.9741,38646
A_jinshanensis_strainHSLZ75,A_kunkeei_DSM12361,66.0011,38060
A_jinshanensis_strainHSLZ75,A_micheneri_strainHlig3,66.3385,37892
A_jinshanensis_strainHSLZ75,A_micheneri_strainNBRC113063,66.309,38114
A_jinshanensis_strainHSLZ75,A_ozensis_DSM23829,66.398,38090
A_jinshanensis_strainHSLZ75,A_quenuiae_strainHV6,66.2793,38033
A_jinshanensis_strainHSLZ75,A_timberlakei_strainHV12,66.2927,38057
A_jinshanensis_strainHSLZ75,F_florum_DSM22689,61.27,38048
A_jinshanensis_strainHSLZ75,F_fructivorans_strainDSM20203,64.8898,38120
A_jinshanensis_strainHSLZ75,F_lindneri_strainDSM20690,63.623,38079
A_jinshanensis_strainHSLZ75,F_sanfranciscensis_DSM20451,62.9319,38003
A_jinshanensis_strainHSLZ75,L_Lactobacillus_spSy1,67.3142,38044
A_jinshanensis_strainHSLZ75,L_senioris_DSM24302,63.973,38102
A_jinshanensis_strainHSLZ75,N_22_Melli_029_v2,67.4672,38057
A_jinshanensis_strainHSLZ75,N_40_Melli_029_v2,67.2925,37869
A_jinshanensis_strainHSLZ75,N_41_Melli_001_v2,67.4615,38038
A_jinshanensis_strainHSLZ75,N_45_Melli_016_v2,67.2339,38140
A_jinshanensis_strainHSLZ75,N_45_Melli_020_v2,67.4584,38019
A_jinshanensis_strainHSLZ75,N_46_Melli_022_v2,67.2365,38140
A_jinshanensis_strainHSLZ75,N_47_Melli_001_v2,67.433,38017
A_jinshanensis_strainHSLZ75,N_barcode03,67.4576,38055
A_jinshanensis_strainHSLZ75,N_barcode04,67.4531,38019
A_jinshanensis_strainHSLZ75,N_barcode20,67.0834,37671
A_jinshanensis_strainHSLZ75,Nicoliella_lavandulae_Es01,67.5344,38182
A_jinshanensis_strainHSLZ75,Nicoliella_spurrieriana_SGEP1_A5,67.2931,37940
A_jinshanensis_subsaerogenes,A_kunkeei_DSM12361,65.98,38060
A_jinshanensis_subsaerogenes,A_micheneri_strainHlig3,66.3201,37892
A_jinshanensis_subsaerogenes,A_micheneri_strainNBRC113063,66.2906,38114
A_jinshanensis_subsaerogenes,A_ozensis_DSM23829,66.377,38090
A_jinshanensis_subsaerogenes,A_quenuiae_strainHV6,66.2609,38033
A_jinshanensis_subsaerogenes,A_timberlakei_strainHV12,66.2743,38057
A_jinshanensis_subsaerogenes,F_florum_DSM22689,61.2542,38048
A_jinshanensis_subsaerogenes,F_fructivorans_strainDSM20203,64.8715,38120
A_jinshanensis_subsaerogenes,F_lindneri_strainDSM20690,63.6072,38079
A_jinshanensis_subsaerogenes,F_sanfranciscensis_DSM20451,62.9187,38003
A_jinshanensis_subsaerogenes,L_Lactobacillus_spSy1,67.3063,38044
A_jinshanensis_subsaerogenes,L_senioris_DSM24302,63.9546,38102
A_jinshanensis_subsaerogenes,N_22_Melli_029_v2,67.4567,38057
A_jinshanensis_subsaerogenes,N_40_Melli_029_v2,67.2793,37869
A_jinshanensis_subsaerogenes,N_41_Melli_001_v2,67.451,38038
A_jinshanensis_subsaerogenes,N_45_Melli_016_v2,67.2234,38140
A_jinshanensis_subsaerogenes,N_45_Melli_020_v2,67.4479,38019
A_jinshanensis_subsaerogenes,N_46_Melli_022_v2,67.226,38140
A_jinshanensis_subsaerogenes,N_47_Melli_001_v2,67.4225,38017
A_jinshanensis_subsaerogenes,N_barcode03,67.4471,38055
A_jinshanensis_subsaerogenes,N_barcode04,67.4426,38019
A_jinshanensis_subsaerogenes,N_barcode20,67.0728,37671
A_jinshanensis_subsaerogenes,Nicoliella_lavandulae_Es01,67.524,38182
A_jinshanensis_subsaerogenes,Nicoliella_spurrieriana_SGEP1_A5,67.2826,37940
A_kunkeei_DSM12361,A_micheneri_strainHlig3,82.9843,38012
A_kunkeei_DSM12361,A_micheneri_strainNBRC113063,82.9619,38232
A_kunkeei_DSM12361,A_ozensis_DSM23829,77.3233,38167
A_kunkeei_DSM12361,A_quenuiae_strainHV6,82.7531,38175
A_kunkeei_DSM12361,A_timberlakei_strainHV12,82.8728,38179
A_kunkeei_DSM12361,F_florum_DSM22689,65.7556,38088
A_kunkeei_DSM12361,F_fructivorans_strainDSM20203,69.7571,38161
A_kunkeei_DSM12361,F_lindneri_strainDSM20690,68.4273,38093
A_kunkeei_DSM12361,F_sanfranciscensis_DSM20451,68.0989,38052
A_kunkeei_DSM12361,L_Lactobacillus_spSy1,73.1532,38038
A_kunkeei_DSM12361,L_senioris_DSM24302,70.646,38097
A_kunkeei_DSM12361,N_22_Melli_029_v2,73.32,38051
A_kunkeei_DSM12361,N_40_Melli_029_v2,71.8056,37848
A_kunkeei_DSM12361,N_41_Melli_001_v2,73.3237,38015
A_kunkeei_DSM12361,N_45_Melli_016_v2,71.7227,38126
A_kunkeei_DSM12361,N_45_Melli_020_v2,73.3039,38013
A_kunkeei_DSM12361,N_46_Melli_022_v2,71.7201,38126
A_kunkeei_DSM12361,N_47_Melli_001_v2,73.2933,37998
A_kunkeei_DSM12361,N_barcode03,73.3107,38049
A_kunkeei_DSM12361,N_barcode04,73.301,37994
A_kunkeei_DSM12361,N_barcode20,73.0509,37645
A_kunkeei_DSM12361,Nicoliella_lavandulae_Es01,73.3635,38177
A_kunkeei_DSM12361,Nicoliella_spurrieriana_SGEP1_A5,73.0745,37990
A_micheneri_strainHlig3,A_micheneri_strainNBRC113063,99.2408,38196
A_micheneri_strainHlig3,A_ozensis_DSM23829,77.9172,38007
A_micheneri_strainHlig3,A_quenuiae_strainHV6,95.9502,38125
A_micheneri_strainHlig3,A_timberlakei_strainHV12,98.544,38188
A_micheneri_strainHlig3,F_florum_DSM22689,65.3528,37902
A_micheneri_strainHlig3,F_fructivorans_strainDSM20203,70.0026,37960
A_micheneri_strainHlig3,F_lindneri_strainDSM20690,68.3694,37900
A_micheneri_strainHlig3,F_sanfranciscensis_DSM20451,68.0875,37841
A_micheneri_strainHlig3,L_Lactobacillus_spSy1,73.2509,37863
A_micheneri_strainHlig3,L_senioris_DSM24302,70.1508,37934
A_micheneri_strainHlig3,N_22_Melli_029_v2,73.4257,37890
A_micheneri_strainHlig3,N_40_Melli_029_v2,71.8625,37665
A_micheneri_strainHlig3,N_41_Melli_001_v2,73.4265,37861
A_micheneri_strainHlig3,N_45_Melli_016_v2,71.8005,37944
A_micheneri_strainHlig3,N_45_Melli_020_v2,73.4175,37852
A_micheneri_strainHlig3,N_46_Melli_022_v2,71.8058,37944
A_micheneri_strainHlig3,N_47_Melli_001_v2,73.4234,37834
A_micheneri_strainHlig3,N_barcode03,73.419,37888
A_micheneri_strainHlig3,N_barcode04,73.4068,37833
A_micheneri_strainHlig3,N_barcode20,73.1245,37484
A_micheneri_strainHlig3,Nicoliella_lavandulae_Es01,73.3851,38005
A_micheneri_strainHlig3,Nicoliella_spurrieriana_SGEP1_A5,73.1666,37785
A_micheneri_strainNBRC113063,A_ozensis_DSM23829,77.8609,38231
A_micheneri_strainNBRC113063,A_quenuiae_strainHV6,95.855,38311
A_micheneri_strainNBRC113063,A_timberlakei_strainHV12,98.4015,38348
A_micheneri_strainNBRC113063,F_florum_DSM22689,65.3682,38121
A_micheneri_strainNBRC113063,F_fructivorans_strainDSM20203,69.946,38178
A_micheneri_strainNBRC113063,F_lindneri_strainDSM20690,68.3596,38119
A_micheneri_strainNBRC113063,F_sanfranciscensis_DSM20451,68.0303,38061
A_micheneri_strainNBRC113063,L_Lactobacillus_spSy1,73.1908,38084
A_micheneri_strainNBRC113063,L_senioris_DSM24302,70.1229,38153
A_micheneri_strainNBRC113063,N_22_Melli_029_v2,73.378,38100
A_micheneri_strainNBRC113063,N_40_Melli_029_v2,71.774,37887
A_micheneri_strainNBRC113063,N_41_Melli_001_v2,73.3787,38071
A_micheneri_strainNBRC113063,N_45_Melli_016_v2,71.713,38166
A_micheneri_strainNBRC113063,N_45_Melli_020_v2,73.3698,38062
A_micheneri_strainNBRC113063,N_46_Melli_022_v2,71.7183,38166
A_micheneri_strainNBRC113063,N_47_Melli_001_v2,73.3314,38071
A_micheneri_strainNBRC113063,N_barcode03,73.3713,38098
A_micheneri_strainNBRC113063,N_barcode04,73.3591,38043
A_micheneri_strainNBRC113063,N_barcode20,73.0304,37698
A_micheneri_strainNBRC113063,Nicoliella_lavandulae_Es01,73.3042,38227
A_micheneri_strainNBRC113063,Nicoliella_spurrieriana_SGEP1_A5,73.1225,38002
A_ozensis_DSM23829,A_quenuiae_strainHV6,77.797,38130
A_ozensis_DSM23829,A_timberlakei_strainHV12,77.8517,38170
A_ozensis_DSM23829,F_florum_DSM22689,65.7264,38111
A_ozensis_DSM23829,F_fructivorans_strainDSM20203,70.193,38179
A_ozensis_DSM23829,F_lindneri_strainDSM20690,68.8733,38112
A_ozensis_DSM23829,F_sanfranciscensis_DSM20451,68.2899,38051
A_ozensis_DSM23829,L_Lactobacillus_spSy1,73.3628,38067
A_ozensis_DSM23829,L_senioris_DSM24302,70.5876,38154
A_ozensis_DSM23829,N_22_Melli_029_v2,73.3016,38081
A_ozensis_DSM23829,N_40_Melli_029_v2,72.1582,37907
A_ozensis_DSM23829,N_41_Melli_001_v2,73.3128,38052
A_ozensis_DSM23829,N_45_Melli_016_v2,72.0863,38182
A_ozensis_DSM23829,N_45_Melli_020_v2,73.3027,38045
A_ozensis_DSM23829,N_46_Melli_022_v2,72.0889,38182
A_ozensis_DSM23829,N_47_Melli_001_v2,73.3226,38036
A_ozensis_DSM23829,N_barcode03,73.277,38087
A_ozensis_DSM23829,N_barcode04,73.2739,38034
A_ozensis_DSM23829,N_barcode20,73.1754,37693
A_ozensis_DSM23829,Nicoliella_lavandulae_Es01,73.3733,38221
A_ozensis_DSM23829,Nicoliella_spurrieriana_SGEP1_A5,73.2711,38000
A_quenuiae_strainHV6,A_timberlakei_strainHV12,95.7213,38329
A_quenuiae_strainHV6,F_florum_DSM22689,65.2622,38068
A_quenuiae_strainHV6,F_fructivorans_strainDSM20203,69.9092,38108
A_quenuiae_strainHV6,F_lindneri_strainDSM20690,68.2966,38059
A_quenuiae_strainHV6,F_sanfranciscensis_DSM20451,67.9481,38004
A_quenuiae_strainHV6,L_Lactobacillus_spSy1,73.1735,37996
A_quenuiae_strainHV6,L_senioris_DSM24302,70.1382,38062
A_quenuiae_strainHV6,N_22_Melli_029_v2,73.3786,38007
A_quenuiae_strainHV6,N_40_Melli_029_v2,71.7812,37801
A_quenuiae_strainHV6,N_41_Melli_001_v2,73.3505,37982
A_quenuiae_strainHV6,N_45_Melli_016_v2,71.7306,38080
A_quenuiae_strainHV6,N_45_Melli_020_v2,73.3625,37969
A_quenuiae_strainHV6,N_46_Melli_022_v2,71.7358,38080
A_quenuiae_strainHV6,N_47_Melli_001_v2,73.3153,37973
A_quenuiae_strainHV6,N_barcode03,73.3546,38014
A_quenuiae_strainHV6,N_barcode04,73.3291,37959
A_quenuiae_strainHV6,N_barcode20,73.0181,37603
A_quenuiae_strainHV6,Nicoliella_lavandulae_Es01,73.3636,38132
A_quenuiae_strainHV6,Nicoliella_spurrieriana_SGEP1_A5,73.0852,37942
A_timberlakei_strainHV12,F_florum_DSM22689,65.3452,38064
A_timberlakei_strainHV12,F_fructivorans_strainDSM20203,69.9344,38120
A_timberlakei_strainHV12,F_lindneri_strainDSM20690,68.3295,38067
A_timberlakei_strainHV12,F_sanfranciscensis_DSM20451,68.012,38008
A_timberlakei_strainHV12,L_Lactobacillus_spSy1,73.1573,38029
A_timberlakei_strainHV12,L_senioris_DSM24302,70.1165,38098
A_timberlakei_strainHV12,N_22_Melli_029_v2,73.2999,38056
A_timberlakei_strainHV12,N_40_Melli_029_v2,71.7903,37838
A_timberlakei_strainHV12,N_41_Melli_001_v2,73.2997,38022
A_timberlakei_strainHV12,N_45_Melli_016_v2,71.7318,38117
A_timberlakei_strainHV12,N_45_Melli_020_v2,73.2916,38018
A_timberlakei_strainHV12,N_46_Melli_022_v2,71.737,38117
A_timberlakei_strainHV12,N_47_Melli_001_v2,73.2939,37995
A_timberlakei_strainHV12,N_barcode03,73.2932,38054
A_timberlakei_strainHV12,N_barcode04,73.2809,37999
A_timberlakei_strainHV12,N_barcode20,72.9502,37638
A_timberlakei_strainHV12,Nicoliella_lavandulae_Es01,73.2746,38166
A_timberlakei_strainHV12,Nicoliella_spurrieriana_SGEP1_A5,73.1108,37952
F_florum_DSM22689,F_fructivorans_strainDSM20203,70.9523,38275
F_florum_DSM22689,F_lindneri_strainDSM20690,76.2778,38289
F_florum_DSM22689,F_sanfranciscensis_DSM20451,74.8046,38253
F_florum_DSM22689,L_Lactobacillus_spSy1,66.2899,38045
F_florum_DSM22689,L_senioris_DSM24302,65.9214,38106
F_florum_DSM22689,N_22_Melli_029_v2,66.4474,38012
F_florum_DSM22689,N_40_Melli_029_v2,65.4612,37827
F_florum_DSM22689,N_41_Melli_001_v2,66.4534,37983
F_florum_DSM22689,N_45_Melli_016_v2,65.4455,38105
F_florum_DSM22689,N_45_Melli_020_v2,66.4349,37974
F_florum_DSM22689,N_46_Melli_022_v2,65.4429,38105
F_florum_DSM22689,N_47_Melli_001_v2,66.4419,37964
F_florum_DSM22689,N_barcode03,66.4387,38014
F_florum_DSM22689,N_barcode04,66.4383,37957
F_florum_DSM22689,N_barcode20,66.2591,37622
F_florum_DSM22689,Nicoliella_lavandulae_Es01,66.402,38157
F_florum_DSM22689,Nicoliella_spurrieriana_SGEP1_A5,66.0997,38041
F_fructivorans_strainDSM20203,F_lindneri_strainDSM20690,76.3464,38286
F_fructivorans_strainDSM20203,F_sanfranciscensis_DSM20451,74.8096,38201
F_fructivorans_strainDSM20203,L_Lactobacillus_spSy1,69.9919,38143
F_fructivorans_strainDSM20203,L_senioris_DSM24302,69.6288,38171
F_fructivorans_strainDSM20203,N_22_Melli_029_v2,70.2547,38080
F_fructivorans_strainDSM20203,N_40_Melli_029_v2,69.2722,37907
F_fructivorans_strainDSM20203,N_41_Melli_001_v2,70.2494,38053
F_fructivorans_strainDSM20203,N_45_Melli_016_v2,69.2519,38165
F_fructivorans_strainDSM20203,N_45_Melli_020_v2,70.246,38042
F_fructivorans_strainDSM20203,N_46_Melli_022_v2,69.2519,38165
F_fructivorans_strainDSM20203,N_47_Melli_001_v2,70.2432,38035
F_fructivorans_strainDSM20203,N_barcode03,70.2403,38085
F_fructivorans_strainDSM20203,N_barcode04,70.2298,38028
F_fructivorans_strainDSM20203,N_barcode20,69.9361,37693
F_fructivorans_strainDSM20203,Nicoliella_lavandulae_Es01,70.2336,38221
F_fructivorans_strainDSM20203,Nicoliella_spurrieriana_SGEP1_A5,70.1102,38023
F_lindneri_strainDSM20690,F_sanfranciscensis_DSM20451,81.9569,38264
F_lindneri_strainDSM20690,L_Lactobacillus_spSy1,68.6449,38013
F_lindneri_strainDSM20690,L_senioris_DSM24302,68.0704,38112
F_lindneri_strainDSM20690,N_22_Melli_029_v2,68.6274,38030
F_lindneri_strainDSM20690,N_40_Melli_029_v2,68.0397,37825
F_lindneri_strainDSM20690,N_41_Melli_001_v2,68.6401,38004
F_lindneri_strainDSM20690,N_45_Melli_016_v2,67.9771,38104
F_lindneri_strainDSM20690,N_45_Melli_020_v2,68.6197,37992
F_lindneri_strainDSM20690,N_46_Melli_022_v2,67.9692,38104
F_lindneri_strainDSM20690,N_47_Melli_001_v2,68.645,37978
F_lindneri_strainDSM20690,N_barcode03,68.6238,38032
F_lindneri_strainDSM20690,N_barcode04,68.6188,37975
F_lindneri_strainDSM20690,N_barcode20,68.5663,37622
F_lindneri_strainDSM20690,Nicoliella_lavandulae_Es01,68.8249,38149
F_lindneri_strainDSM20690,Nicoliella_spurrieriana_SGEP1_A5,68.5482,37966
F_sanfranciscensis_DSM20451,L_Lactobacillus_spSy1,68.2283,37952
F_sanfranciscensis_DSM20451,L_senioris_DSM24302,67.7352,38057
F_sanfranciscensis_DSM20451,N_22_Melli_029_v2,68.2814,37962
F_sanfranciscensis_DSM20451,N_40_Melli_029_v2,67.3682,37776
F_sanfranciscensis_DSM20451,N_41_Melli_001_v2,68.2808,37936
F_sanfranciscensis_DSM20451,N_45_Melli_016_v2,67.3184,38055
F_sanfranciscensis_DSM20451,N_45_Melli_020_v2,68.2655,37924
F_sanfranciscensis_DSM20451,N_46_Melli_022_v2,67.3157,38055
F_sanfranciscensis_DSM20451,N_47_Melli_001_v2,68.2631,37918
F_sanfranciscensis_DSM20451,N_barcode03,68.2655,37965
F_sanfranciscensis_DSM20451,N_barcode04,68.2705,37908
F_sanfranciscensis_DSM20451,N_barcode20,68.1279,37572
F_sanfranciscensis_DSM20451,Nicoliella_lavandulae_Es01,68.4253,38097
F_sanfranciscensis_DSM20451,Nicoliella_spurrieriana_SGEP1_A5,68.1242,37963
L_Lactobacillus_spSy1,L_senioris_DSM24302,70.6484,38107
L_Lactobacillus_spSy1,N_22_Melli_029_v2,88.7275,38217
L_Lactobacillus_spSy1,N_40_Melli_029_v2,76.1123,37894
L_Lactobacillus_spSy1,N_41_Melli_001_v2,88.6991,38174
L_Lactobacillus_spSy1,N_45_Melli_016_v2,76.0699,38157
L_Lactobacillus_spSy1,N_45_Melli_020_v2,88.6823,38179
L_Lactobacillus_spSy1,N_46_Melli_022_v2,76.0699,38157
L_Lactobacillus_spSy1,N_47_Melli_001_v2,88.6625,38130
L_Lactobacillus_spSy1,N_barcode03,88.6782,38227
L_Lactobacillus_spSy1,N_barcode04,88.6508,38170
L_Lactobacillus_spSy1,N_barcode20,88.1953,37790
L_Lactobacillus_spSy1,Nicoliella_lavandulae_Es01,89.1586,38307
L_Lactobacillus_spSy1,Nicoliella_spurrieriana_SGEP1_A5,91.0399,38158
L_senioris_DSM24302,N_22_Melli_029_v2,70.8715,38107
L_senioris_DSM24302,N_40_Melli_029_v2,69.4458,37913
L_senioris_DSM24302,N_41_Melli_001_v2,70.8595,38081
L_senioris_DSM24302,N_45_Melli_016_v2,69.4103,38186
L_senioris_DSM24302,N_45_Melli_020_v2,70.8529,38069
L_senioris_DSM24302,N_46_Melli_022_v2,69.4103,38186
L_senioris_DSM24302,N_47_Melli_001_v2,70.8536,38063
L_senioris_DSM24302,N_barcode03,70.842,38113
L_senioris_DSM24302,N_barcode04,70.8298,38056
L_senioris_DSM24302,N_barcode20,70.5971,37714
L_senioris_DSM24302,Nicoliella_lavandulae_Es01,70.8606,38254
L_senioris_DSM24302,Nicoliella_spurrieriana_SGEP1_A5,70.6863,38013
N_22_Melli_029_v2,N_40_Melli_029_v2,76.4093,37909
N_22_Melli_029_v2,N_41_Melli_001_v2,99.9558,38499
N_22_Melli_029_v2,N_45_Melli_016_v2,76.3949,38174
N_22_Melli_029_v2,N_45_Melli_020_v2,99.9221,38521
N_22_Melli_029_v2,N_46_Melli_022_v2,76.3897,38174
N_22_Melli_029_v2,N_47_Melli_001_v2,99.9192,38351
N_22_Melli_029_v2,N_barcode03,99.9611,38557
N_22_Melli_029_v2,N_barcode04,99.9247,38500
N_22_Melli_029_v2,N_barcode20,94.8361,37801
N_22_Melli_029_v2,Nicoliella_lavandulae_Es01,89.2998,38289
N_22_Melli_029_v2,Nicoliella_spurrieriana_SGEP1_A5,88.0065,38079
N_40_Melli_029_v2,N_41_Melli_001_v2,76.4253,37888
N_40_Melli_029_v2,N_45_Melli_016_v2,99.7826,38179
N_40_Melli_029_v2,N_45_Melli_020_v2,76.4054,37873
N_40_Melli_029_v2,N_46_Melli_022_v2,99.7721,38179
N_40_Melli_029_v2,N_47_Melli_001_v2,76.4308,37863
N_40_Melli_029_v2,N_barcode03,76.3928,37908
N_40_Melli_029_v2,N_barcode04,76.3982,37853
N_40_Melli_029_v2,N_barcode20,76.0148,37519
N_40_Melli_029_v2,Nicoliella_lavandulae_Es01,76.4956,38027
N_40_Melli_029_v2,Nicoliella_spurrieriana_SGEP1_A5,76.1693,37779
N_41_Melli_001_v2,N_45_Melli_016_v2,76.4081,38153
N_41_Melli_001_v2,N_45_Melli_020_v2,99.9299,38499
N_41_Melli_001_v2,N_46_Melli_022_v2,76.4029,38153
N_41_Melli_001_v2,N_47_Melli_001_v2,99.927,38360
N_41_Melli_001_v2,N_barcode03,99.9377,38517
N_41_Melli_001_v2,N_barcode04,99.9221,38498
N_41_Melli_001_v2,N_barcode20,94.844,37781
N_41_Melli_001_v2,Nicoliella_lavandulae_Es01,89.3047,38269
N_41_Melli_001_v2,Nicoliella_spurrieriana_SGEP1_A5,87.983,38046
N_45_Melli_016_v2,N_45_Melli_020_v2,76.3884,38138
N_45_Melli_016_v2,N_46_Melli_022_v2,99.9896,38460
N_45_Melli_016_v2,N_47_Melli_001_v2,76.4137,38128
N_45_Melli_016_v2,N_barcode03,76.3812,38173
N_45_Melli_016_v2,N_barcode04,76.3812,38118
N_45_Melli_016_v2,N_barcode20,75.9951,37784
N_45_Melli_016_v2,Nicoliella_lavandulae_Es01,76.4588,38303
N_45_Melli_016_v2,Nicoliella_spurrieriana_SGEP1_A5,76.1599,38041
N_45_Melli_020_v2,N_46_Melli_022_v2,76.3831,38138
N_45_Melli_020_v2,N_47_Melli_001_v2,99.9505,38356
N_45_Melli_020_v2,N_barcode03,99.8988,38519
N_45_Melli_020_v2,N_barcode04,99.9143,38500
N_45_Melli_020_v2,N_barcode20,94.8256,37763
N_45_Melli_020_v2,Nicoliella_lavandulae_Es01,89.2761,38251
N_45_Melli_020_v2,Nicoliella_spurrieriana_SGEP1_A5,87.9633,38042
N_46_Melli_022_v2,N_47_Melli_001_v2,76.4084,38128
N_46_Melli_022_v2,N_barcode03,76.376,38173
N_46_Melli_022_v2,N_barcode04,76.376,38118
N_46_Melli_022_v2,N_barcode20,75.9898,37784
N_46_Melli_022_v2,Nicoliella_lavandulae_Es01,76.4509,38303
N_46_Melli_022_v2,Nicoliella_spurrieriana_SGEP1_A5,76.1547,38041
N_47_Melli_001_v2,N_barcode03,99.8905,38349
N_47_Melli_001_v2,N_barcode04,99.9113,38330
N_47_Melli_001_v2,N_barcode20,94.8101,37766
N_47_Melli_001_v2,Nicoliella_lavandulae_Es01,89.2711,38252
N_47_Melli_001_v2,Nicoliella_spurrieriana_SGEP1_A5,87.9305,38005
N_barcode03,N_barcode04,99.9222,38548
N_barcode03,N_barcode20,94.8173,37799
N_barcode03,Nicoliella_lavandulae_Es01,89.2559,38300
N_barcode03,Nicoliella_spurrieriana_SGEP1_A5,87.9803,38079
N_barcode04,N_barcode20,94.8042,37742
N_barcode04,Nicoliella_lavandulae_Es01,89.2451,38243
N_barcode04,Nicoliella_spurrieriana_SGEP1_A5,87.9649,38022
N_barcode20,Nicoliella_lavandulae_Es01,88.9082,37902
N_barcode20,Nicoliella_spurrieriana_SGEP1_A5,87.6411,37641
Nicoliella_lavandulae_Es01,Nicoliella_spurrieriana_SGEP1_A5,88.5454,38168